WKT,nama,deskripsi
"POLYGON ((106.779002 -6.3255751, 106.769389 -6.35765, 106.7436398 -6.39177, 106.7326535 -6.4347579, 106.7319668 -6.4531802, 106.887492 -6.457274, 106.8974484 -6.4190643, 106.8960751 -6.3747103, 106.854533 -6.3433189, 106.7937649 -6.3689098, 106.7865551 -6.3654978, 106.803378 -6.3201154, 106.779002 -6.3255751))",Kota Administrasi Depok, Jawa Barat,
